participant,session,block_number,trial_number,trial_in_block_num,trial_type,probability_type,sequence_used,stimulus_position_num,rt_non_cumulative_s,rt_cumulative_s,correct_key_pressed,response_key_pressed,correct_response,epoch
1,1,1,1,1,R,X,"1,2,3,4",2,0.3374353999970481,0.3374437000602484,f,f,True,1
1,1,1,2,2,P,X,"1,2,3,4",1,0.28809789998922497,0.28810700005851686,s,s,True,1
1,1,1,3,3,R,H,"1,2,3,4",3,0.17031249997671694,0.170322599937208,j,f,False,1
1,1,1,3,3,R,H,"1,2,3,4",3,0.16678690002299845,0.33713370002806187,j,j,True,1
1,1,1,4,4,P,H,"1,2,3,4",2,0.31946879997849464,0.3194766000378877,f,f,True,1
1,1,1,5,5,R,H,"1,2,3,4",4,0.26769060001242906,0.26770399999804795,l,l,True,1
1,1,1,6,6,P,H,"1,2,3,4",3,0.3334980000508949,0.3335071000037715,j,j,True,1
1,1,1,7,7,R,H,"1,2,3,4",1,0.2581122999545187,0.2581231000367552,s,s,True,1
1,1,1,8,8,P,H,"1,2,3,4",4,0.33574470004532486,0.3357526999898255,l,l,True,1
